<?xml version="1.0"?>
<font>
<info face="standard 07_53" size="32" bold="0" italic="0" charset="" unicode="0" stretchH="100" smooth="1" aa="1" padding="1,1,1,1" spacing="-2,-2"  />
<common lineHeight="44" base="36" scaleW="512" scaleH="512" pages="1" packed="0"  />
<pages>
<page id="0" file="standard-0753.png" />

</pages>
<chars count="96" >
<char id="10"      x="0"    y="0"    width="0"    height="0"    xoffset="0"    yoffset="0"    xadvance="0"    page="0"    chnl="0"  />
<char id="32"      x="0"    y="0"    width="0"    height="0"    xoffset="-1"   yoffset="35"   xadvance="12"   page="0"    chnl="0"  />
<char id="33"      x="240"  y="68"   width="6"    height="30"   xoffset="3"    yoffset="7"    xadvance="12"   page="0"    chnl="0"  />
<char id="34"      x="312"  y="98"   width="14"   height="10"   xoffset="-1"   yoffset="7"    xadvance="20"   page="0"    chnl="0"  />
<char id="35"      x="338"  y="68"   width="22"   height="30"   xoffset="-1"   yoffset="7"    xadvance="24"   page="0"    chnl="0"  />
<char id="36"      x="86"   y="0"    width="22"   height="38"   xoffset="-1"   yoffset="3"    xadvance="24"   page="0"    chnl="0"  />
<char id="37"      x="308"  y="68"   width="30"   height="30"   xoffset="-1"   yoffset="7"    xadvance="32"   page="0"    chnl="0"  />
<char id="38"      x="360"  y="68"   width="26"   height="30"   xoffset="-1"   yoffset="7"    xadvance="28"   page="0"    chnl="0"  />
<char id="39"      x="336"  y="98"   width="6"    height="10"   xoffset="-1"   yoffset="7"    xadvance="8"    page="0"    chnl="0"  />
<char id="40"      x="10"   y="0"    width="14"   height="38"   xoffset="-1"   yoffset="3"    xadvance="16"   page="0"    chnl="0"  />
<char id="41"      x="24"   y="0"    width="14"   height="38"   xoffset="-1"   yoffset="3"    xadvance="16"   page="0"    chnl="0"  />
<char id="42"      x="230"  y="98"   width="22"   height="22"   xoffset="-1"   yoffset="7"    xadvance="24"   page="0"    chnl="0"  />
<char id="43"      x="208"  y="98"   width="22"   height="22"   xoffset="-1"   yoffset="11"   xadvance="24"   page="0"    chnl="0"  />
<char id="44"      x="258"  y="98"   width="10"   height="14"   xoffset="-1"   yoffset="31"   xadvance="12"   page="0"    chnl="0"  />
<char id="45"      x="366"  y="98"   width="18"   height="6"    xoffset="-1"   yoffset="19"   xadvance="20"   page="0"    chnl="0"  />
<char id="46"      x="360"  y="98"   width="6"    height="6"    xoffset="-1"   yoffset="31"   xadvance="8"    page="0"    chnl="0"  />
<char id="47"      x="140"  y="0"    width="18"   height="34"   xoffset="-1"   yoffset="3"    xadvance="20"   page="0"    chnl="0"  />
<char id="48"      x="26"   y="38"   width="26"   height="30"   xoffset="-1"   yoffset="7"    xadvance="28"   page="0"    chnl="0"  />
<char id="49"      x="22"   y="68"   width="10"   height="30"   xoffset="-1"   yoffset="7"    xadvance="12"   page="0"    chnl="0"  />
<char id="50"      x="32"   y="68"   width="26"   height="30"   xoffset="-1"   yoffset="7"    xadvance="28"   page="0"    chnl="0"  />
<char id="51"      x="58"   y="68"   width="26"   height="30"   xoffset="-1"   yoffset="7"    xadvance="28"   page="0"    chnl="0"  />
<char id="52"      x="84"   y="68"   width="26"   height="30"   xoffset="-1"   yoffset="7"    xadvance="28"   page="0"    chnl="0"  />
<char id="53"      x="110"  y="68"   width="26"   height="30"   xoffset="-1"   yoffset="7"    xadvance="28"   page="0"    chnl="0"  />
<char id="54"      x="136"  y="68"   width="26"   height="30"   xoffset="-1"   yoffset="7"    xadvance="28"   page="0"    chnl="0"  />
<char id="55"      x="162"  y="68"   width="26"   height="30"   xoffset="-1"   yoffset="7"    xadvance="28"   page="0"    chnl="0"  />
<char id="56"      x="188"  y="68"   width="26"   height="30"   xoffset="-1"   yoffset="7"    xadvance="28"   page="0"    chnl="0"  />
<char id="57"      x="214"  y="68"   width="26"   height="30"   xoffset="-1"   yoffset="7"    xadvance="28"   page="0"    chnl="0"  />
<char id="58"      x="252"  y="98"   width="6"    height="18"   xoffset="3"    yoffset="15"   xadvance="12"   page="0"    chnl="0"  />
<char id="59"      x="268"  y="68"   width="10"   height="30"   xoffset="-1"   yoffset="15"   xadvance="12"   page="0"    chnl="0"  />
<char id="60"      x="180"  y="98"   width="14"   height="22"   xoffset="-1"   yoffset="15"   xadvance="16"   page="0"    chnl="0"  />
<char id="61"      x="290"  y="98"   width="22"   height="14"   xoffset="-1"   yoffset="15"   xadvance="24"   page="0"    chnl="0"  />
<char id="62"      x="194"  y="98"   width="14"   height="22"   xoffset="-1"   yoffset="15"   xadvance="16"   page="0"    chnl="0"  />
<char id="63"      x="246"  y="68"   width="22"   height="30"   xoffset="-1"   yoffset="7"    xadvance="24"   page="0"    chnl="0"  />
<char id="64"      x="278"  y="68"   width="30"   height="30"   xoffset="-1"   yoffset="11"   xadvance="32"   page="0"    chnl="0"  />
<char id="65"      x="176"  y="0"    width="26"   height="30"   xoffset="-1"   yoffset="7"    xadvance="28"   page="0"    chnl="0"  />
<char id="66"      x="202"  y="0"    width="26"   height="30"   xoffset="-1"   yoffset="7"    xadvance="28"   page="0"    chnl="0"  />
<char id="67"      x="228"  y="0"    width="26"   height="30"   xoffset="-1"   yoffset="7"    xadvance="28"   page="0"    chnl="0"  />
<char id="68"      x="254"  y="0"    width="26"   height="30"   xoffset="-1"   yoffset="7"    xadvance="28"   page="0"    chnl="0"  />
<char id="69"      x="280"  y="0"    width="26"   height="30"   xoffset="-1"   yoffset="7"    xadvance="28"   page="0"    chnl="0"  />
<char id="70"      x="306"  y="0"    width="26"   height="30"   xoffset="-1"   yoffset="7"    xadvance="28"   page="0"    chnl="0"  />
<char id="71"      x="332"  y="0"    width="26"   height="30"   xoffset="-1"   yoffset="7"    xadvance="28"   page="0"    chnl="0"  />
<char id="72"      x="358"  y="0"    width="26"   height="30"   xoffset="-1"   yoffset="7"    xadvance="28"   page="0"    chnl="0"  />
<char id="73"      x="384"  y="0"    width="6"    height="30"   xoffset="-1"   yoffset="7"    xadvance="8"    page="0"    chnl="0"  />
<char id="74"      x="390"  y="0"    width="26"   height="30"   xoffset="-1"   yoffset="7"    xadvance="28"   page="0"    chnl="0"  />
<char id="75"      x="416"  y="0"    width="26"   height="30"   xoffset="-1"   yoffset="7"    xadvance="28"   page="0"    chnl="0"  />
<char id="76"      x="442"  y="0"    width="22"   height="30"   xoffset="-1"   yoffset="7"    xadvance="24"   page="0"    chnl="0"  />
<char id="77"      x="464"  y="0"    width="30"   height="30"   xoffset="-1"   yoffset="7"    xadvance="32"   page="0"    chnl="0"  />
<char id="78"      x="0"    y="38"   width="26"   height="30"   xoffset="-1"   yoffset="7"    xadvance="28"   page="0"    chnl="0"  />
<char id="79"      x="26"   y="38"   width="26"   height="30"   xoffset="-1"   yoffset="7"    xadvance="28"   page="0"    chnl="0"  />
<char id="80"      x="52"   y="38"   width="26"   height="30"   xoffset="-1"   yoffset="7"    xadvance="28"   page="0"    chnl="0"  />
<char id="81"      x="108"  y="0"    width="26"   height="34"   xoffset="-1"   yoffset="7"    xadvance="28"   page="0"    chnl="0"  />
<char id="82"      x="78"   y="38"   width="26"   height="30"   xoffset="-1"   yoffset="7"    xadvance="28"   page="0"    chnl="0"  />
<char id="83"      x="104"  y="38"   width="26"   height="30"   xoffset="-1"   yoffset="7"    xadvance="28"   page="0"    chnl="0"  />
<char id="84"      x="130"  y="38"   width="22"   height="30"   xoffset="-1"   yoffset="7"    xadvance="24"   page="0"    chnl="0"  />
<char id="85"      x="152"  y="38"   width="26"   height="30"   xoffset="-1"   yoffset="7"    xadvance="28"   page="0"    chnl="0"  />
<char id="86"      x="178"  y="38"   width="30"   height="30"   xoffset="-1"   yoffset="7"    xadvance="32"   page="0"    chnl="0"  />
<char id="87"      x="208"  y="38"   width="38"   height="30"   xoffset="-1"   yoffset="7"    xadvance="40"   page="0"    chnl="0"  />
<char id="88"      x="246"  y="38"   width="30"   height="30"   xoffset="-1"   yoffset="7"    xadvance="32"   page="0"    chnl="0"  />
<char id="89"      x="276"  y="38"   width="30"   height="30"   xoffset="-1"   yoffset="7"    xadvance="32"   page="0"    chnl="0"  />
<char id="90"      x="306"  y="38"   width="30"   height="30"   xoffset="-1"   yoffset="7"    xadvance="32"   page="0"    chnl="0"  />
<char id="91"      x="38"   y="0"    width="10"   height="38"   xoffset="-1"   yoffset="3"    xadvance="12"   page="0"    chnl="0"  />
<char id="92"      x="158"  y="0"    width="18"   height="34"   xoffset="-1"   yoffset="3"    xadvance="20"   page="0"    chnl="0"  />
<char id="93"      x="48"   y="0"    width="10"   height="38"   xoffset="-1"   yoffset="3"    xadvance="12"   page="0"    chnl="0"  />
<char id="94"      x="268"  y="98"   width="22"   height="14"   xoffset="-1"   yoffset="7"    xadvance="24"   page="0"    chnl="0"  />
<char id="95"      x="384"  y="98"   width="26"   height="6"    xoffset="-1"   yoffset="31"   xadvance="28"   page="0"    chnl="0"  />
<char id="96"      x="326"  y="98"   width="10"   height="10"   xoffset="-1"   yoffset="7"    xadvance="12"   page="0"    chnl="0"  />
<char id="97"      x="386"  y="68"   width="22"   height="22"   xoffset="-1"   yoffset="15"   xadvance="24"   page="0"    chnl="0"  />
<char id="98"      x="336"  y="38"   width="22"   height="30"   xoffset="-1"   yoffset="7"    xadvance="24"   page="0"    chnl="0"  />
<char id="99"      x="408"  y="68"   width="22"   height="22"   xoffset="-1"   yoffset="15"   xadvance="24"   page="0"    chnl="0"  />
<char id="100"     x="358"  y="38"   width="22"   height="30"   xoffset="-1"   yoffset="7"    xadvance="24"   page="0"    chnl="0"  />
<char id="101"     x="430"  y="68"   width="22"   height="22"   xoffset="-1"   yoffset="15"   xadvance="24"   page="0"    chnl="0"  />
<char id="102"     x="494"  y="0"    width="14"   height="30"   xoffset="-1"   yoffset="7"    xadvance="16"   page="0"    chnl="0"  />
<char id="103"     x="380"  y="38"   width="22"   height="30"   xoffset="-1"   yoffset="15"   xadvance="24"   page="0"    chnl="0"  />
<char id="104"     x="402"  y="38"   width="22"   height="30"   xoffset="-1"   yoffset="7"    xadvance="24"   page="0"    chnl="0"  />
<char id="105"     x="424"  y="38"   width="6"    height="30"   xoffset="-1"   yoffset="7"    xadvance="8"    page="0"    chnl="0"  />
<char id="106"     x="0"    y="0"    width="10"   height="38"   xoffset="-1"   yoffset="7"    xadvance="12"   page="0"    chnl="0"  />
<char id="107"     x="430"  y="38"   width="22"   height="30"   xoffset="-1"   yoffset="7"    xadvance="24"   page="0"    chnl="0"  />
<char id="108"     x="384"  y="0"    width="6"    height="30"   xoffset="-1"   yoffset="7"    xadvance="8"    page="0"    chnl="0"  />
<char id="109"     x="452"  y="68"   width="38"   height="22"   xoffset="-1"   yoffset="15"   xadvance="40"   page="0"    chnl="0"  />
<char id="110"     x="0"    y="98"   width="22"   height="22"   xoffset="-1"   yoffset="15"   xadvance="24"   page="0"    chnl="0"  />
<char id="111"     x="22"   y="98"   width="22"   height="22"   xoffset="-1"   yoffset="15"   xadvance="24"   page="0"    chnl="0"  />
<char id="112"     x="452"  y="38"   width="22"   height="30"   xoffset="-1"   yoffset="15"   xadvance="24"   page="0"    chnl="0"  />
<char id="113"     x="474"  y="38"   width="22"   height="30"   xoffset="-1"   yoffset="15"   xadvance="24"   page="0"    chnl="0"  />
<char id="114"     x="490"  y="68"   width="18"   height="22"   xoffset="-1"   yoffset="15"   xadvance="20"   page="0"    chnl="0"  />
<char id="115"     x="44"   y="98"   width="18"   height="22"   xoffset="-1"   yoffset="15"   xadvance="20"   page="0"    chnl="0"  />
<char id="116"     x="496"  y="38"   width="14"   height="30"   xoffset="-1"   yoffset="7"    xadvance="16"   page="0"    chnl="0"  />
<char id="117"     x="62"   y="98"   width="22"   height="22"   xoffset="-1"   yoffset="15"   xadvance="24"   page="0"    chnl="0"  />
<char id="118"     x="84"   y="98"   width="22"   height="22"   xoffset="-1"   yoffset="15"   xadvance="24"   page="0"    chnl="0"  />
<char id="119"     x="106"  y="98"   width="30"   height="22"   xoffset="-1"   yoffset="15"   xadvance="32"   page="0"    chnl="0"  />
<char id="120"     x="136"  y="98"   width="22"   height="22"   xoffset="-1"   yoffset="15"   xadvance="24"   page="0"    chnl="0"  />
<char id="121"     x="0"    y="68"   width="22"   height="30"   xoffset="-1"   yoffset="15"   xadvance="24"   page="0"    chnl="0"  />
<char id="122"     x="158"  y="98"   width="22"   height="22"   xoffset="-1"   yoffset="15"   xadvance="24"   page="0"    chnl="0"  />
<char id="123"     x="58"   y="0"    width="14"   height="38"   xoffset="-1"   yoffset="3"    xadvance="16"   page="0"    chnl="0"  />
<char id="124"     x="134"  y="0"    width="6"    height="34"   xoffset="3"    yoffset="7"    xadvance="16"   page="0"    chnl="0"  />
<char id="125"     x="72"   y="0"    width="14"   height="38"   xoffset="-1"   yoffset="3"    xadvance="16"   page="0"    chnl="0"  />
<char id="126"     x="342"  y="98"   width="18"   height="10"   xoffset="-1"   yoffset="7"    xadvance="20"   page="0"    chnl="0"  />

</chars>
<kernings count="0" >

</kernings>
</font>