<?xml version="1.0"?>
<font>
<info face="8bitoperator JVE Regular" size="32" bold="0" italic="0" charset="" unicode="0" stretchH="100" smooth="1" aa="1" padding="1,1,1,1" spacing="-2,-2"  />
<common lineHeight="32" base="26" scaleW="512" scaleH="512" pages="1" packed="0"  />
<pages>
<page id="0" file="8bitoperator-jve.xml.png" />

</pages>
<chars count="96" >
<char id="10"      x="0"    y="0"    width="0"    height="0"    xoffset="0"    yoffset="0"    xadvance="0"    page="0"    chnl="0"  />
<char id="32"      x="0"    y="0"    width="0"    height="0"    xoffset="-1"   yoffset="25"   xadvance="6"    page="0"    chnl="0"  />
<char id="33"      x="112"  y="0"    width="10"   height="22"   xoffset="1"    yoffset="5"    xadvance="12"   page="0"    chnl="0"  />
<char id="34"      x="124"  y="48"   width="12"   height="10"   xoffset="-1"   yoffset="7"    xadvance="12"   page="0"    chnl="0"  />
<char id="35"      x="376"  y="28"   width="16"   height="20"   xoffset="-1"   yoffset="7"    xadvance="16"   page="0"    chnl="0"  />
<char id="36"      x="14"   y="0"    width="14"   height="28"   xoffset="-1"   yoffset="3"    xadvance="14"   page="0"    chnl="0"  />
<char id="37"      x="360"  y="28"   width="16"   height="20"   xoffset="-1"   yoffset="7"    xadvance="16"   page="0"    chnl="0"  />
<char id="38"      x="392"  y="28"   width="16"   height="20"   xoffset="-1"   yoffset="7"    xadvance="16"   page="0"    chnl="0"  />
<char id="39"      x="136"  y="48"   width="6"    height="10"   xoffset="-1"   yoffset="7"    xadvance="6"    page="0"    chnl="0"  />
<char id="40"      x="252"  y="28"   width="10"   height="20"   xoffset="-1"   yoffset="7"    xadvance="10"   page="0"    chnl="0"  />
<char id="41"      x="262"  y="28"   width="10"   height="20"   xoffset="-1"   yoffset="7"    xadvance="10"   page="0"    chnl="0"  />
<char id="42"      x="106"  y="48"   width="18"   height="12"   xoffset="-1"   yoffset="11"   xadvance="18"   page="0"    chnl="0"  />
<char id="43"      x="92"   y="48"   width="14"   height="12"   xoffset="-1"   yoffset="11"   xadvance="14"   page="0"    chnl="0"  />
<char id="44"      x="136"  y="48"   width="6"    height="10"   xoffset="-1"   yoffset="21"   xadvance="6"    page="0"    chnl="0"  />
<char id="45"      x="200"  y="48"   width="14"   height="4"    xoffset="-1"   yoffset="15"   xadvance="14"   page="0"    chnl="0"  />
<char id="46"      x="178"  y="48"   width="6"    height="6"    xoffset="-1"   yoffset="21"   xadvance="6"    page="0"    chnl="0"  />
<char id="47"      x="122"  y="0"    width="14"   height="22"   xoffset="-1"   yoffset="7"    xadvance="14"   page="0"    chnl="0"  />
<char id="48"      x="224"  y="28"   width="14"   height="20"   xoffset="-1"   yoffset="7"    xadvance="14"   page="0"    chnl="0"  />
<char id="49"      x="98"   y="28"   width="14"   height="20"   xoffset="-1"   yoffset="7"    xadvance="14"   page="0"    chnl="0"  />
<char id="50"      x="112"  y="28"   width="14"   height="20"   xoffset="-1"   yoffset="7"    xadvance="14"   page="0"    chnl="0"  />
<char id="51"      x="126"  y="28"   width="14"   height="20"   xoffset="-1"   yoffset="7"    xadvance="14"   page="0"    chnl="0"  />
<char id="52"      x="140"  y="28"   width="14"   height="20"   xoffset="-1"   yoffset="7"    xadvance="14"   page="0"    chnl="0"  />
<char id="53"      x="154"  y="28"   width="14"   height="20"   xoffset="-1"   yoffset="7"    xadvance="14"   page="0"    chnl="0"  />
<char id="54"      x="168"  y="28"   width="14"   height="20"   xoffset="-1"   yoffset="7"    xadvance="14"   page="0"    chnl="0"  />
<char id="55"      x="182"  y="28"   width="14"   height="20"   xoffset="-1"   yoffset="7"    xadvance="14"   page="0"    chnl="0"  />
<char id="56"      x="196"  y="28"   width="14"   height="20"   xoffset="-1"   yoffset="7"    xadvance="14"   page="0"    chnl="0"  />
<char id="57"      x="210"  y="28"   width="14"   height="20"   xoffset="-1"   yoffset="7"    xadvance="14"   page="0"    chnl="0"  />
<char id="58"      x="86"   y="48"   width="6"    height="16"   xoffset="-1"   yoffset="11"   xadvance="6"    page="0"    chnl="0"  />
<char id="59"      x="504"  y="0"    width="6"    height="20"   xoffset="-1"   yoffset="11"   xadvance="6"    page="0"    chnl="0"  />
<char id="60"      x="316"  y="28"   width="12"   height="20"   xoffset="-1"   yoffset="7"    xadvance="12"   page="0"    chnl="0"  />
<char id="61"      x="156"  y="48"   width="14"   height="8"    xoffset="-1"   yoffset="13"   xadvance="14"   page="0"    chnl="0"  />
<char id="62"      x="328"  y="28"   width="12"   height="20"   xoffset="-1"   yoffset="7"    xadvance="12"   page="0"    chnl="0"  />
<char id="63"      x="238"  y="28"   width="14"   height="20"   xoffset="-1"   yoffset="7"    xadvance="14"   page="0"    chnl="0"  />
<char id="64"      x="346"  y="28"   width="14"   height="20"   xoffset="-1"   yoffset="7"    xadvance="14"   page="0"    chnl="0"  />
<char id="65"      x="150"  y="0"    width="14"   height="20"   xoffset="-1"   yoffset="7"    xadvance="14"   page="0"    chnl="0"  />
<char id="66"      x="164"  y="0"    width="14"   height="20"   xoffset="-1"   yoffset="7"    xadvance="14"   page="0"    chnl="0"  />
<char id="67"      x="178"  y="0"    width="14"   height="20"   xoffset="-1"   yoffset="7"    xadvance="14"   page="0"    chnl="0"  />
<char id="68"      x="192"  y="0"    width="14"   height="20"   xoffset="-1"   yoffset="7"    xadvance="14"   page="0"    chnl="0"  />
<char id="69"      x="206"  y="0"    width="14"   height="20"   xoffset="-1"   yoffset="7"    xadvance="14"   page="0"    chnl="0"  />
<char id="70"      x="220"  y="0"    width="14"   height="20"   xoffset="-1"   yoffset="7"    xadvance="14"   page="0"    chnl="0"  />
<char id="71"      x="234"  y="0"    width="14"   height="20"   xoffset="-1"   yoffset="7"    xadvance="14"   page="0"    chnl="0"  />
<char id="72"      x="248"  y="0"    width="14"   height="20"   xoffset="-1"   yoffset="7"    xadvance="14"   page="0"    chnl="0"  />
<char id="73"      x="262"  y="0"    width="14"   height="20"   xoffset="-1"   yoffset="7"    xadvance="14"   page="0"    chnl="0"  />
<char id="74"      x="276"  y="0"    width="14"   height="20"   xoffset="-1"   yoffset="7"    xadvance="14"   page="0"    chnl="0"  />
<char id="75"      x="290"  y="0"    width="14"   height="20"   xoffset="-1"   yoffset="7"    xadvance="14"   page="0"    chnl="0"  />
<char id="76"      x="304"  y="0"    width="14"   height="20"   xoffset="-1"   yoffset="7"    xadvance="14"   page="0"    chnl="0"  />
<char id="77"      x="318"  y="0"    width="16"   height="20"   xoffset="-1"   yoffset="7"    xadvance="16"   page="0"    chnl="0"  />
<char id="78"      x="334"  y="0"    width="14"   height="20"   xoffset="-1"   yoffset="7"    xadvance="14"   page="0"    chnl="0"  />
<char id="79"      x="348"  y="0"    width="14"   height="20"   xoffset="-1"   yoffset="7"    xadvance="14"   page="0"    chnl="0"  />
<char id="80"      x="362"  y="0"    width="14"   height="20"   xoffset="-1"   yoffset="7"    xadvance="14"   page="0"    chnl="0"  />
<char id="81"      x="28"   y="0"    width="14"   height="24"   xoffset="-1"   yoffset="7"    xadvance="14"   page="0"    chnl="0"  />
<char id="82"      x="376"  y="0"    width="14"   height="20"   xoffset="-1"   yoffset="7"    xadvance="14"   page="0"    chnl="0"  />
<char id="83"      x="390"  y="0"    width="14"   height="20"   xoffset="-1"   yoffset="7"    xadvance="14"   page="0"    chnl="0"  />
<char id="84"      x="404"  y="0"    width="14"   height="20"   xoffset="-1"   yoffset="7"    xadvance="14"   page="0"    chnl="0"  />
<char id="85"      x="418"  y="0"    width="14"   height="20"   xoffset="-1"   yoffset="7"    xadvance="14"   page="0"    chnl="0"  />
<char id="86"      x="432"  y="0"    width="14"   height="20"   xoffset="-1"   yoffset="7"    xadvance="14"   page="0"    chnl="0"  />
<char id="87"      x="446"  y="0"    width="16"   height="20"   xoffset="-1"   yoffset="7"    xadvance="16"   page="0"    chnl="0"  />
<char id="88"      x="462"  y="0"    width="14"   height="20"   xoffset="-1"   yoffset="7"    xadvance="14"   page="0"    chnl="0"  />
<char id="89"      x="476"  y="0"    width="14"   height="20"   xoffset="-1"   yoffset="7"    xadvance="14"   page="0"    chnl="0"  />
<char id="90"      x="490"  y="0"    width="14"   height="20"   xoffset="-1"   yoffset="7"    xadvance="14"   page="0"    chnl="0"  />
<char id="91"      x="272"  y="28"   width="10"   height="20"   xoffset="-1"   yoffset="7"    xadvance="10"   page="0"    chnl="0"  />
<char id="92"      x="136"  y="0"    width="14"   height="22"   xoffset="-1"   yoffset="7"    xadvance="14"   page="0"    chnl="0"  />
<char id="93"      x="282"  y="28"   width="10"   height="20"   xoffset="-1"   yoffset="7"    xadvance="10"   page="0"    chnl="0"  />
<char id="94"      x="142"  y="48"   width="14"   height="10"   xoffset="-1"   yoffset="5"    xadvance="14"   page="0"    chnl="0"  />
<char id="95"      x="214"  y="48"   width="10"   height="4"    xoffset="-1"   yoffset="29"   xadvance="10"   page="0"    chnl="0"  />
<char id="96"      x="170"  y="48"   width="8"    height="6"    xoffset="-1"   yoffset="5"    xadvance="8"    page="0"    chnl="0"  />
<char id="97"      x="408"  y="28"   width="14"   height="16"   xoffset="-1"   yoffset="11"   xadvance="14"   page="0"    chnl="0"  />
<char id="98"      x="0"    y="28"   width="14"   height="20"   xoffset="-1"   yoffset="7"    xadvance="14"   page="0"    chnl="0"  />
<char id="99"      x="422"  y="28"   width="14"   height="16"   xoffset="-1"   yoffset="11"   xadvance="14"   page="0"    chnl="0"  />
<char id="100"     x="14"   y="28"   width="14"   height="20"   xoffset="-1"   yoffset="7"    xadvance="14"   page="0"    chnl="0"  />
<char id="101"     x="436"  y="28"   width="14"   height="16"   xoffset="-1"   yoffset="11"   xadvance="14"   page="0"    chnl="0"  />
<char id="102"     x="28"   y="28"   width="14"   height="20"   xoffset="-1"   yoffset="7"    xadvance="14"   page="0"    chnl="0"  />
<char id="103"     x="42"   y="0"    width="14"   height="22"   xoffset="-1"   yoffset="11"   xadvance="14"   page="0"    chnl="0"  />
<char id="104"     x="42"   y="28"   width="14"   height="20"   xoffset="-1"   yoffset="7"    xadvance="14"   page="0"    chnl="0"  />
<char id="105"     x="56"   y="0"    width="14"   height="22"   xoffset="-1"   yoffset="5"    xadvance="14"   page="0"    chnl="0"  />
<char id="106"     x="0"    y="0"    width="14"   height="28"   xoffset="-1"   yoffset="5"    xadvance="14"   page="0"    chnl="0"  />
<char id="107"     x="56"   y="28"   width="14"   height="20"   xoffset="-1"   yoffset="7"    xadvance="14"   page="0"    chnl="0"  />
<char id="108"     x="70"   y="28"   width="14"   height="20"   xoffset="-1"   yoffset="7"    xadvance="14"   page="0"    chnl="0"  />
<char id="109"     x="450"  y="28"   width="16"   height="16"   xoffset="-1"   yoffset="11"   xadvance="16"   page="0"    chnl="0"  />
<char id="110"     x="466"  y="28"   width="14"   height="16"   xoffset="-1"   yoffset="11"   xadvance="14"   page="0"    chnl="0"  />
<char id="111"     x="480"  y="28"   width="14"   height="16"   xoffset="-1"   yoffset="11"   xadvance="14"   page="0"    chnl="0"  />
<char id="112"     x="70"   y="0"    width="14"   height="22"   xoffset="-1"   yoffset="11"   xadvance="14"   page="0"    chnl="0"  />
<char id="113"     x="84"   y="0"    width="14"   height="22"   xoffset="-1"   yoffset="11"   xadvance="14"   page="0"    chnl="0"  />
<char id="114"     x="494"  y="28"   width="14"   height="16"   xoffset="-1"   yoffset="11"   xadvance="14"   page="0"    chnl="0"  />
<char id="115"     x="0"    y="48"   width="14"   height="16"   xoffset="-1"   yoffset="11"   xadvance="14"   page="0"    chnl="0"  />
<char id="116"     x="84"   y="28"   width="14"   height="20"   xoffset="-1"   yoffset="7"    xadvance="14"   page="0"    chnl="0"  />
<char id="117"     x="14"   y="48"   width="14"   height="16"   xoffset="-1"   yoffset="11"   xadvance="14"   page="0"    chnl="0"  />
<char id="118"     x="28"   y="48"   width="14"   height="16"   xoffset="-1"   yoffset="11"   xadvance="14"   page="0"    chnl="0"  />
<char id="119"     x="42"   y="48"   width="16"   height="16"   xoffset="-1"   yoffset="11"   xadvance="16"   page="0"    chnl="0"  />
<char id="120"     x="58"   y="48"   width="14"   height="16"   xoffset="-1"   yoffset="11"   xadvance="14"   page="0"    chnl="0"  />
<char id="121"     x="98"   y="0"    width="14"   height="22"   xoffset="-1"   yoffset="11"   xadvance="14"   page="0"    chnl="0"  />
<char id="122"     x="72"   y="48"   width="14"   height="16"   xoffset="-1"   yoffset="11"   xadvance="14"   page="0"    chnl="0"  />
<char id="123"     x="292"  y="28"   width="12"   height="20"   xoffset="-1"   yoffset="7"    xadvance="12"   page="0"    chnl="0"  />
<char id="124"     x="340"  y="28"   width="6"    height="20"   xoffset="-1"   yoffset="7"    xadvance="6"    page="0"    chnl="0"  />
<char id="125"     x="304"  y="28"   width="12"   height="20"   xoffset="-1"   yoffset="7"    xadvance="12"   page="0"    chnl="0"  />
<char id="126"     x="184"  y="48"   width="16"   height="6"    xoffset="-1"   yoffset="13"   xadvance="16"   page="0"    chnl="0"  />

</chars>
<kernings count="0" >

</kernings>
</font>